{"cameraMode":{"drawMode":0,"name":"Shaded","section":"Shading Mode"},"sceneLighting":false,"audioPlay":false,"sceneViewState":{"showFog":false,"showMaterialUpdate":false,"showSkybox":false,"showFlares":false,"showImageEffects":false,"showParticleSystems":false},"in2DMode":false,"pivot":{"x":-43.912105560302737,"y":50.86603546142578,"z":10.843610763549805},"rotation":{"x":-0.045566629618406299,"y":-0.9404635429382324,"z":0.3064596951007843,"w":-0.13983863592147828},"size":1.1298041343688965,"orthographic":false}